"h","scale","log1p","ctx_len"
1,0.635655561374996,TRUE,512
2,0.675550460441534,TRUE,512
3,0.715445359508072,TRUE,512
4,0.752085632867434,TRUE,512
5,0.776890222632751,TRUE,512
6,0.776890222632751,TRUE,512
7,0.84293721416089,TRUE,512
8,0.877815798310576,TRUE,512
9,0.877815798310576,TRUE,512
10,0.924709497094558,TRUE,512
11,0.966938417538866,TRUE,512
12,0.966938417538866,TRUE,512
13,0.966938417538866,TRUE,512
14,0.910207029172593,TRUE,512
15,0.90331129848539,TRUE,512
16,0.90331129848539,TRUE,512
17,0.910207029172593,TRUE,512
18,0.97187198911722,TRUE,512
19,1.0121025348887,TRUE,512
20,1.03126299587866,TRUE,512
21,1.06127955860592,TRUE,512
22,1.06127955860592,TRUE,512
23,1.03126299587866,TRUE,512
24,1.00800095972054,TRUE,512
25,0.968040477492535,TRUE,512
26,0.968040477492535,TRUE,512
27,0.951012150747701,TRUE,512
28,0.951012150747701,TRUE,512
29,0.921485105920659,TRUE,512
30,0.887619887935928,TRUE,512
31,0.887619887935928,TRUE,512
32,0.887619887935928,TRUE,512
33,0.923827945585557,TRUE,512
34,0.943993150840601,TRUE,512
35,0.964158356095645,TRUE,512
