"model","split","variant","n","MAE","RMSE","CRPS","coverage95","width95"
"persistence","val","raw",945,9.49280164949556,16.2241127441592,7.51710861133435,0.910052910052909,77.1223703347448
"persistence","test","raw",882,10.6252885149515,15.1716881120504,8.31456939310925,0.856009070294784,86.3562031169854
"persistence","test","calibrated",882,10.6252885149515,15.1716881120504,8.63468213179387,0.868480725623583,120.060586303846
"arima","val","raw",945,7.9868545484,11.9555903399579,5.7799116718612,0.961904761904762,46.7026341750933
"arima","test","raw",882,9.06094841627309,12.9061875201479,6.67224926382977,0.848072562358276,39.7377629336943
"arima","test","calibrated",882,9.06094841627309,12.9061875201479,6.72083681499687,0.794784580498866,36.3713075540252
"rf","val","raw",945,8.93137881582365,14.0244039543463,6.66829304178861,0.84973544973545,46.8553437033299
"rf","test","raw",882,9.5762963792086,13.9720579922036,7.44408411791202,0.705215419501132,36.4475418187928
"rf","test","calibrated",882,9.5762963792086,13.9720579922036,7.42089958184224,0.810657596371882,53.2313889107065
"xgboost","val","raw",945,8.7881151909418,13.1700800439603,6.8622310112617,0.658201058201058,21.6260472992483
"xgboost","test","raw",882,9.53266232574217,14.1426581394456,8.0040676821768,0.485260770975055,16.6954986843045
"xgboost","test","calibrated",882,9.53266232574217,14.1426581394456,7.50467399564089,0.829931972789116,60.7787792778372
"chronos","val","raw",945,8.42186268219114,12.6188287648789,6.30681583619583,0.948148148148149,72.8513252035018
"chronos","test","raw",882,9.31215327214576,13.7346872482306,7.01570945256242,0.858276643990931,64.6446512223268
"chronos","test","calibrated",882,9.31215327214576,13.7346872482306,7.003169282263,0.862811791383219,65.1228826584975
"timesfm","val","raw",945,8.4896503751728,12.8283428678012,6.26066066307555,0.956613756613756,55.5892529590549
"timesfm","test","raw",882,9.24191254577467,13.4302886701556,6.86757645809658,0.900226757369614,58.3544489879997
"timesfm","test","calibrated",882,9.24191254577467,13.4302886701556,6.87544121521704,0.890022675736961,57.820151116158
