"model","split","variant","h","n","MAE","RMSE","CRPS","coverage95","width95"
"timesfm","val","raw",1,27,1.35264742387989,2.2255973221962,1.03939739927011,1,11.5602854733826
"timesfm","val","raw",2,27,2.67635595373219,4.3894959295555,1.86712515391215,1,16.1323546764782
"timesfm","val","raw",3,27,3.47031621798379,6.01394335731665,2.52441184344291,1,20.9620922452358
"timesfm","val","raw",4,27,3.91415670895816,6.68453187257354,2.89700670225133,1,25.3296202742539
"timesfm","val","raw",5,27,4.05014968169106,7.03128481632829,3.14799579314013,0.962962962962963,29.1707053939255
"timesfm","val","raw",6,27,4.83726685441593,7.7721354926428,3.63617678367271,0.925925925925926,33.0632895839075
"timesfm","val","raw",7,27,5.48473804508896,8.7775009451222,3.94804153578285,1,36.8480348427042
"timesfm","val","raw",8,27,5.58430775715077,9.28763998245554,4.08705345474443,1,39.9445851811979
"timesfm","val","raw",9,27,6.5732509631082,10.5426234887238,4.7934464706697,0.962962962962963,42.7598489577052
"timesfm","val","raw",10,27,7.16108636905367,11.9104700817131,5.2888206792977,1,45.8758645392268
"timesfm","val","raw",11,27,7.420258351874,12.4400320929805,5.56515127951782,0.925925925925926,48.252933964804
"timesfm","val","raw",12,27,7.87958544932384,13.107329088627,5.90252346991105,0.925925925925926,49.9897361735137
"timesfm","val","raw",13,27,8.47150933205967,13.3425532998568,6.18240136328638,0.888888888888889,50.9265832443858
"timesfm","val","raw",14,27,8.2294143265425,12.8187364321548,6.09208307476361,0.888888888888889,53.5426787552464
"timesfm","val","raw",15,27,8.45638454441429,12.0488432898279,6.05329529307937,0.925925925925926,54.9716963886623
"timesfm","val","raw",16,27,8.11559652231827,10.9517704333375,5.91234246999921,0.962962962962963,56.3671860347687
"timesfm","val","raw",17,27,8.31801327213704,11.000466437268,6.06403891349784,0.962962962962963,57.9946245646025
"timesfm","val","raw",18,27,8.79431358632147,11.8757179311818,6.4918919336319,0.962962962962963,58.7971596877919
"timesfm","val","raw",19,27,9.08489123541984,12.5503869930072,6.7905888608912,0.925925925925926,62.4905402115035
"timesfm","val","raw",20,27,9.42511352985569,13.1696647506726,7.13125544029533,0.925925925925926,63.1699772176221
"timesfm","val","raw",21,27,10.4452638537895,14.4226699880572,7.65222191743758,0.888888888888889,64.8075711348848
"timesfm","val","raw",22,27,10.6163743623173,14.8854290263585,7.68634774399293,0.962962962962963,64.9669977671391
"timesfm","val","raw",23,27,10.681275817609,15.651605342237,7.95241078410981,0.962962962962963,65.7716593912702
"timesfm","val","raw",24,27,11.3387158547537,17.0925773441821,8.61377038221791,0.962962962962963,66.9760173795896
"timesfm","val","raw",25,27,11.7721718511845,17.4281448044533,8.83389196527313,0.925925925925926,67.879558918072
"timesfm","val","raw",26,27,11.7522489471284,17.638049768403,8.98806384965403,0.925925925925926,72.4187337680888
"timesfm","val","raw",27,27,11.6969575789073,17.5540698103152,8.97618376580263,0.925925925925926,70.9137858732022
"timesfm","val","raw",28,27,11.4397594978079,16.6120425063932,8.68970033100801,0.925925925925926,73.204355986356
"timesfm","val","raw",29,27,11.3371790539401,15.5473655385765,8.39763655360953,0.925925925925926,75.4240939090564
"timesfm","val","raw",30,27,11.1300952618593,13.9549761440742,7.89240547249619,0.962962962962963,75.2073971288343
"timesfm","val","raw",31,27,11.1558050000675,13.3515776612681,7.77930570466482,1,75.7972008021856
"timesfm","val","raw",32,27,10.7961810310594,13.5110455964858,7.73917944654631,1,76.6377465653783
"timesfm","val","raw",33,27,10.9808388451528,14.0415834713697,7.93700095824743,1,77.7513589111277
"timesfm","val","raw",34,27,11.2430782502151,14.3542042038875,8.10956275312533,1,79.3730541525657
"timesfm","val","raw",35,27,11.452461799927,15.3439123387493,8.460393664401,0.962962962962963,80.344524468253
"timesfm","test","raw",1,26,2.33034287984692,4.89041047544708,1.80774478591314,0.923076923076923,13.3264826272633
"timesfm","test","raw",2,26,3.58038189973776,6.77185272575246,2.65969578386425,0.923076923076923,18.1340891392116
"timesfm","test","raw",3,26,5.23884324465002,8.67723599475756,3.73048396307795,0.923076923076923,22.9217821796016
"timesfm","test","raw",4,26,5.71930775796743,9.39483539533431,4.15507818978479,0.923076923076923,27.5007437899935
"timesfm","test","raw",5,26,6.84202774745866,10.8921866096204,5.04323663610875,0.923076923076923,31.5059690268985
"timesfm","test","raw",6,26,8.782823304028,13.4051865432001,6.33833419504363,0.884615384615385,35.9446726153195
"timesfm","test","raw",7,26,8.09579726085894,12.8247427426654,5.79248316794679,1,39.8844495671272
"timesfm","test","raw",8,26,9.1672960868075,14.3528727284693,6.5067730776922,1,43.5226317237546
"timesfm","test","raw",9,26,9.33388519361927,15.1584048642452,6.7772613946604,0.923076923076923,46.6496866452331
"timesfm","test","raw",10,26,9.54940472999155,14.5451720069098,6.80527386348437,0.923076923076923,50.3198031498212
"timesfm","test","raw",11,26,10.1641343631002,15.0704843849537,7.22503922206118,0.961538461538462,52.7939695080354
"timesfm","test","raw",12,26,10.5428889611966,14.4891034665478,7.52567888931401,0.846153846153846,54.3655893814169
"timesfm","test","raw",13,26,9.71171393868937,13.7374103809967,7.16779347342231,0.884615384615385,55.2022752379071
"timesfm","test","raw",14,26,9.8476761799673,14.0998130417975,7.31048906481279,0.846153846153846,58.5744185542259
"timesfm","test","raw",15,25,8.66223720238905,11.6429417078425,6.55597137053516,0.88,59.7875428194634
"timesfm","test","raw",16,25,8.30697511684835,11.5931719864466,6.51290713842426,0.88,61.6019498982683
"timesfm","test","raw",17,25,9.68534544457674,13.1763993301262,7.38234914595475,0.84,62.4196098917666
"timesfm","test","raw",18,25,10.2790797969346,13.5395541357803,7.67240183939266,0.88,63.4069870984585
"timesfm","test","raw",19,25,10.3899734842636,13.8611962115229,7.76460873839454,0.88,66.5283024329019
"timesfm","test","raw",20,25,11.2283130718442,15.9618625329938,8.62320219914871,0.84,67.8729315474478
"timesfm","test","raw",21,25,10.7578802702263,15.4130229679973,8.30548954121528,0.88,68.7534632963101
"timesfm","test","raw",22,25,11.1197611507406,16.3184845700206,8.60507266253902,0.84,68.1919963112165
"timesfm","test","raw",23,25,11.7995622020011,17.2380542325384,8.89752316683074,0.88,68.3000242878
"timesfm","test","raw",24,25,11.3920140815978,16.1221876960041,8.44222218858402,0.88,69.3470276319551
"timesfm","test","raw",25,25,11.7274923704008,17.1316142586088,8.69683535116911,0.84,69.8199638464289
"timesfm","test","raw",26,25,12.1898457854222,16.3496500992947,8.85925143198805,0.88,75.4928059303668
"timesfm","test","raw",27,25,11.5405759911759,15.1459634922962,8.33986125552158,0.92,72.5002076947969
"timesfm","test","raw",28,25,10.0913941086421,13.789230238783,7.60023881977042,0.92,74.8857520493276
"timesfm","test","raw",29,24,9.28847806356602,11.4930523848622,6.89537989744516,0.916666666666667,78.3475260915591
"timesfm","test","raw",30,24,8.08831998124701,10.1042139567863,6.37104430396298,0.875,77.5236464497232
"timesfm","test","raw",31,24,9.10641700430619,11.0849572198143,6.89494495415614,0.916666666666667,78.435372326631
"timesfm","test","raw",32,24,9.3499192912785,11.3071251111237,6.96996245427029,0.916666666666667,80.2158198323417
"timesfm","test","raw",33,24,9.32455130394523,11.6183270855336,6.93932733272301,0.916666666666667,79.9250885528646
"timesfm","test","raw",34,24,10.5748232932319,14.5717946981104,8.04492789223368,0.916666666666667,82.2973613093064
"timesfm","test","raw",35,24,10.5398244457903,14.242278758934,7.91668634927634,0.916666666666667,82.8009874047405
"timesfm","test","calibrated",1,26,2.33034287984692,4.89041047544708,1.80321555319909,0.884615384615385,9.85693024334422
"timesfm","test","calibrated",2,26,3.58038189973776,6.77185272575246,2.68594797752736,0.730769230769231,14.0075027739732
"timesfm","test","calibrated",3,26,5.23884324465002,8.67723599475756,3.81024580939222,0.884615384615385,18.4624789527165
"timesfm","test","calibrated",4,26,5.71930775796743,9.39483539533431,4.20151724910488,0.923076923076923,22.0876714008733
"timesfm","test","calibrated",5,26,6.84202774745866,10.8921866096204,5.12110120366183,0.769230769230769,25.4111751499016
"timesfm","test","calibrated",6,26,8.782823304028,13.4051865432001,6.52240134885177,0.807692307692308,28.7449801549794
"timesfm","test","calibrated",7,26,8.09579726085894,12.8247427426654,5.8056024758971,1,38.1580282271071
"timesfm","test","calibrated",8,26,9.1672960868075,14.3528727284693,6.51291356447249,1,42.8217164165989
"timesfm","test","calibrated",9,26,9.33388519361927,15.1584048642452,6.7813787570338,0.923076923076923,45.8791775739376
"timesfm","test","calibrated",10,26,9.54940472999155,14.5451720069098,6.80501730806048,0.923076923076923,50.4105281976219
"timesfm","test","calibrated",11,26,10.1641343631002,15.0704843849537,7.22251574936673,0.961538461538462,53.9841515619589
"timesfm","test","calibrated",12,26,10.5428889611966,14.4891034665478,7.52749730223299,0.846153846153846,62.2199939974937
"timesfm","test","calibrated",13,26,9.71171393868937,13.7374103809967,7.21418770814506,0.884615384615385,63.4611175075179
"timesfm","test","calibrated",14,26,9.8476761799673,14.0998130417975,7.37852404343932,0.884615384615385,67.6032506723645
"timesfm","test","calibrated",15,25,8.66223720238905,11.6429417078425,6.65018744587517,0.92,69.1202124558545
"timesfm","test","calibrated",16,25,8.30697511684835,11.5931719864466,6.5546515845438,0.88,65.8048320898636
"timesfm","test","calibrated",17,25,9.68534544457674,13.1763993301262,7.3976403344537,0.84,64.7868116300862
"timesfm","test","calibrated",18,25,10.2790797969346,13.5395541357803,7.68201927996518,0.88,65.8415862908006
"timesfm","test","calibrated",19,25,10.3899734842636,13.8611962115229,7.77621983503716,0.88,69.1314850190208
"timesfm","test","calibrated",20,25,11.2283130718442,15.9618625329938,8.6275222869915,0.84,70.5632481868606
"timesfm","test","calibrated",21,25,10.7578802702263,15.4130229679973,8.31981391548899,0.88,71.4996136870931
"timesfm","test","calibrated",22,25,11.1197611507406,16.3184845700206,8.59543647147447,0.84,65.3447999924604
"timesfm","test","calibrated",23,25,11.7995622020011,17.2380542325384,8.89085305016741,0.88,65.4462500145265
"timesfm","test","calibrated",24,25,11.3920140815978,16.1221876960041,8.42996176612381,0.88,66.4291458312875
"timesfm","test","calibrated",25,25,11.7274923704008,17.1316142586088,8.76447150342344,0.88,80.2255625792308
"timesfm","test","calibrated",26,25,12.1898457854222,16.3496500992947,8.90832312324609,0.88,87.1427632563589
"timesfm","test","calibrated",27,25,11.5405759911759,15.1459634922962,8.38422538654218,0.96,83.5231428539906
"timesfm","test","calibrated",28,25,10.0913941086421,13.789230238783,7.64508004168325,0.96,80.7788940533042
"timesfm","test","calibrated",29,24,9.28847806356602,11.4930523848622,6.84272247522815,0.916666666666667,73.1231843508461
"timesfm","test","calibrated",30,24,8.08831998124701,10.1042139567863,6.21896489323687,0.875,65.5007710826474
"timesfm","test","calibrated",31,24,9.10641700430619,11.0849572198143,6.7702642658672,0.875,66.2162109504831
"timesfm","test","calibrated",32,24,9.3499192912785,11.3071251111237,6.84734476010542,0.916666666666667,67.6235220150074
"timesfm","test","calibrated",33,24,9.32455130394523,11.6183270855336,6.82486614904297,0.916666666666667,68.4725406729258
"timesfm","test","calibrated",34,24,10.5748232932319,14.5717946981104,7.98146499458526,0.916666666666667,72.6431587959048
"timesfm","test","calibrated",35,24,10.5398244457903,14.242278758934,7.85959262385125,0.916666666666667,75.4034584798035
